case_id,ct_shape,voxel_spacing_mm,selected_slice_idx,tumor_voxel_count_3d,tumor_area_slice_px,n_components,major_axis_mm,minor_axis_mm,status,failure_reason,medvision_qc_flag
0,"(138, 138, 216)","(0.5859, 0.5859, 0.5859)",133,9650,549,1,16.33,13.98,success,,pass_basic
1,"(130, 130, 182)","(0.6523, 0.6523, 0.6523)",144,40662,1292,1,26.72,25.13,success,,pass_basic
2,"(116, 116, 155)","(0.7793, 0.7793, 0.7793)",47,22827,726,1,27.44,19.36,success,,ellipse_outside_bbox
3,"(171, 171, 198)","(0.6816, 0.6816, 0.6816)",33,17219,863,1,22.57,21.47,success,,pass_basic
4,"(174, 174, 198)","(0.5898, 0.5898, 0.5898)",136,161745,3303,1,47.94,30.67,success,,ellipse_outside_bbox
5,"(152, 152, 194)","(0.5859, 0.5859, 0.5859)",127,53663,1598,1,28.77,23.39,success,,pass_basic
6,"(147, 147, 185)","(0.7148, 0.7148, 0.7148)",39,75815,2137,1,37.23,36.09,success,,pass_basic
7,"(161, 161, 209)","(0.6172, 0.6172, 0.6172)",148,81263,2132,1,32.42,30.88,success,,ellipse_outside_bbox
8,"(176, 176, 204)","(0.5859, 0.5859, 0.5859)",133,332450,6189,1,56.64,48.09,success,,pass_basic
9,"(144, 144, 170)","(0.6836, 0.6836, 0.6836)",60,181342,3613,1,47.91,45.27,success,,ellipse_outside_bbox
