case_id,scored,experiment,pixel_spacing_mm,major_mm_pred,minor_mm_pred,major_mm_ref,minor_mm_ref,major_abs_error,minor_abs_error,major_rel_error,minor_rel_error,mae_axes,mre_axes,parse_status,spacing_effect,raw_response_path
0,True,A_no_spacing,0.5859,15.0,10.0,16.33,13.98,1.3299999999999983,3.9800000000000004,0.0814451928965094,0.28469241773962806,2.6549999999999994,0.18306880531806874,ok,worsened,raw_responses/case_0_A_no_spacing.txt
0,True,B_with_spacing,0.5859,1.5,1.0,16.33,13.98,14.829999999999998,12.98,0.9081445192896509,0.9284692417739628,13.905,0.9183068805318069,ok,worsened,raw_responses/case_0_B_with_spacing.txt
3,True,A_no_spacing,0.6816,15.0,10.0,22.57,21.47,7.57,11.469999999999999,0.33540097474523706,0.5342338146250581,9.52,0.4348173946851476,ok,worsened,raw_responses/case_3_A_no_spacing.txt
3,True,B_with_spacing,0.6816,1.5,1.0,22.57,21.47,21.07,20.47,0.9335400974745237,0.9534233814625058,20.77,0.9434817394685148,ok,worsened,raw_responses/case_3_B_with_spacing.txt
5,True,A_no_spacing,0.5859,15.0,10.0,28.77,23.39,13.77,13.39,0.47862356621480706,0.5724668661821292,13.58,0.5255452161984682,ok,worsened,raw_responses/case_5_A_no_spacing.txt
5,True,B_with_spacing,0.5859,1.5,1.0,28.77,23.39,27.27,22.39,0.9478623566214807,0.9572466866182129,24.83,0.9525545216198468,ok,worsened,raw_responses/case_5_B_with_spacing.txt
6,True,A_no_spacing,0.7148,15.0,10.0,37.23,36.09,22.229999999999997,26.090000000000003,0.5970991136180499,0.7229149348850097,24.16,0.6600070242515298,ok,worsened,raw_responses/case_6_A_no_spacing.txt
6,True,B_with_spacing,0.7148,10.5,5.5,37.23,36.09,26.729999999999997,30.590000000000003,0.717969379532635,0.8476032141867553,28.66,0.7827862968596951,ok,worsened,raw_responses/case_6_B_with_spacing.txt
8,True,A_no_spacing,0.5859,15.0,10.0,56.64,48.09,41.64,38.09,0.7351694915254238,0.7920565606155126,39.865,0.7636130260704681,ok,worsened,raw_responses/case_8_A_no_spacing.txt
8,True,B_with_spacing,0.5859,11.5,11.5,56.64,48.09,45.14,36.59,0.7969632768361582,0.7608650447078394,40.865,0.7789141607719988,ok,worsened,raw_responses/case_8_B_with_spacing.txt
2,False,A_no_spacing,0.7793,15.0,10.0,27.44,19.36,12.440000000000001,9.36,0.4533527696793003,0.4834710743801653,10.9,0.4684119220297328,ok,worsened,raw_responses/case_2_A_no_spacing.txt
2,False,B_with_spacing,0.7793,1.5,1.0,27.44,19.36,25.94,18.36,0.9453352769679301,0.9483471074380165,22.15,0.9468411922029734,ok,worsened,raw_responses/case_2_B_with_spacing.txt
